Workbook

Sheet Descuentos
B2: Calculadora de Descuentos - Descuentos_IanNieto
B3: Ingrese el valor de venta en la celda amarilla (C6).
G5: Reglas de descuento
B6: Valor de venta | C6: 350 | G6: Venta desde | H6: Venta hasta | I6: Descuento
B7: Porcentaje de descuento | C7: =IF(C6>=G7,I7,IF(C6>=G8,I8,IF(C6>=G9,I9,I10))) -> 0.2 | G7: 500 | H7: y más | I7: 0.3
B8: Descuento | C8: =C6*C7 -> 70 | G8: 300 | H8: 499.99 | I8: 0.2
B9: Valor final | C9: =C6-C8 -> 280 | G9: 100 | H9: 299.99 | I9: 0.1
G10: 0 | H10: 99.99 | I10: 0
B11: Leyenda:
B12: Amarillo = celda para editar (valor de venta)
B13: Azul = valores fijos (reglas de descuento)
B14: Negro = formulas (no editar)

Sheet Casos de prueba
B2: Casos de prueba - logica de descuento
B4: Valor de venta | C4: % esperado | D4: % calculado | E4: Descuento calculado | F4: Valor final calculado
B5: 0 | C5: 0 | D5: =IF(B5>=Descuentos!$G$7,Descuentos!$I$7,IF(B5>=Descuentos!$G$8,Descuentos!$I$8,IF(B5>=Descuentos!$G$9,Descuentos!$I$9,Descuentos!$I$10))) -> 0 | E5: =B5*D5 -> 0 | F5: =B5-E5 -> 0
B6: 50 | C6: 0 | D6: =IF(B6>=Descuentos!$G$7,Descuentos!$I$7,IF(B6>=Descuentos!$G$8,Descuentos!$I$8,IF(B6>=Descuentos!$G$9,Descuentos!$I$9,Descuentos!$I$10))) -> 0 | E6: =B6*D6 -> 0 | F6: =B6-E6 -> 50
B7: 99.99 | C7: 0 | D7: =IF(B7>=Descuentos!$G$7,Descuentos!$I$7,IF(B7>=Descuentos!$G$8,Descuentos!$I$8,IF(B7>=Descuentos!$G$9,Descuentos!$I$9,Descuentos!$I$10))) -> 0 | E7: =B7*D7 -> 0 | F7: =B7-E7 -> 99.99
B8: 100 | C8: 0.1 | D8: =IF(B8>=Descuentos!$G$7,Descuentos!$I$7,IF(B8>=Descuentos!$G$8,Descuentos!$I$8,IF(B8>=Descuentos!$G$9,Descuentos!$I$9,Descuentos!$I$10))) -> 0.1 | E8: =B8*D8 -> 10 | F8: =B8-E8 -> 90
B9: 250 | C9: 0.1 | D9: =IF(B9>=Descuentos!$G$7,Descuentos!$I$7,IF(B9>=Descuentos!$G$8,Descuentos!$I$8,IF(B9>=Descuentos!$G$9,Descuentos!$I$9,Descuentos!$I$10))) -> 0.1 | E9: =B9*D9 -> 25 | F9: =B9-E9 -> 225
B10: 299.99 | C10: 0.1 | D10: =IF(B10>=Descuentos!$G$7,Descuentos!$I$7,IF(B10>=Descuentos!$G$8,Descuentos!$I$8,IF(B10>=Descuentos!$G$9,Descuentos!$I$9,Descuentos!$I$10))) -> 0.1 | E10: =B10*D10 -> 29.999 | F10: =B10-E10 -> 269.991
B11: 300 | C11: 0.2 | D11: =IF(B11>=Descuentos!$G$7,Descuentos!$I$7,IF(B11>=Descuentos!$G$8,Descuentos!$I$8,IF(B11>=Descuentos!$G$9,Descuentos!$I$9,Descuentos!$I$10))) -> 0.2 | E11: =B11*D11 -> 60 | F11: =B11-E11 -> 240
B12: 450 | C12: 0.2 | D12: =IF(B12>=Descuentos!$G$7,Descuentos!$I$7,IF(B12>=Descuentos!$G$8,Descuentos!$I$8,IF(B12>=Descuentos!$G$9,Descuentos!$I$9,Descuentos!$I$10))) -> 0.2 | E12: =B12*D12 -> 90 | F12: =B12-E12 -> 360
B13: 499.99 | C13: 0.2 | D13: =IF(B13>=Descuentos!$G$7,Descuentos!$I$7,IF(B13>=Descuentos!$G$8,Descuentos!$I$8,IF(B13>=Descuentos!$G$9,Descuentos!$I$9,Descuentos!$I$10))) -> 0.2 | E13: =B13*D13 -> 99.998 | F13: =B13-E13 -> 399.992
B14: 500 | C14: 0.3 | D14: =IF(B14>=Descuentos!$G$7,Descuentos!$I$7,IF(B14>=Descuentos!$G$8,Descuentos!$I$8,IF(B14>=Descuentos!$G$9,Descuentos!$I$9,Descuentos!$I$10))) -> 0.3 | E14: =B14*D14 -> 150 | F14: =B14-E14 -> 350
B15: 1000 | C15: 0.3 | D15: =IF(B15>=Descuentos!$G$7,Descuentos!$I$7,IF(B15>=Descuentos!$G$8,Descuentos!$I$8,IF(B15>=Descuentos!$G$9,Descuentos!$I$9,Descuentos!$I$10))) -> 0.3 | E15: =B15*D15 -> 300 | F15: =B15-E15 -> 700
